representation,projection,seed,native_dim,probe_dim,stage_c,boundary_c,boundary_threshold,stage_macro_f1,stage_balanced_accuracy,stage_0_precision,stage_0_recall,stage_1_precision,stage_1_recall,terminal_test_samples,probe_latency_ms_per_sample,feature_hook_latency_ms_per_step,model_inference_latency_ms_per_step,peak_vram_bytes,host_rss_delta_bytes,boundary_event_f1_at_5,boundary_event_f1_at_10,boundary_median_abs_error,false_boundaries_per_episode,no_boundary_failure_fpr
R0_raw_state,native,17,8,8,100.0,0.01,0.7999999999999999,0.7981177899210685,0.7982934553131598,0.7685589519650655,0.8669950738916257,0.8411764705882353,0.7295918367346939,12,0.0002173356391321156,0.0353151189868147,207.66326614266953,6387723264,0,0.5,0.6666666666666666,6.5,1.1666666666666667,nan
R0_raw_state,native,29,8,8,0.1,0.1,0.9,0.8101720130172012,0.8245594022700051,0.9241706161137441,0.7303370786516854,0.7154150197628458,0.9187817258883249,11,0.00015909585388424884,0.033624227706486993,205.81048477800132,6387723264,0,0.43478260869565216,0.8695652173913043,6.0,1.1666666666666667,1.0
R0_raw_state,native,41,8,8,1.0,1.0,0.9,0.7998490747080196,0.8161358415595703,0.9070796460176991,0.7509157509157509,0.6964285714285714,0.8813559322033898,11,0.00016091222223070818,0.03353342980651244,205.0831428423303,6387723264,0,0.08695652173913043,0.43478260869565216,11.0,1.0,1.0
R0_raw_state,native,53,8,8,10.0,1.0,0.95,0.7753515301902398,0.7764976958525345,0.7419354838709677,0.847926267281106,0.8225806451612904,0.7050691244239631,12,0.00016136806253598296,0.03566764909143482,209.84981611801186,6387723264,0,0.43478260869565216,0.6956521739130435,6.0,1.0,nan
R0_raw_state,native,67,8,8,0.1,0.1,0.9,0.8953553152855728,0.8955778520995912,0.8851674641148325,0.893719806763285,0.9051724137931034,0.8974358974358975,12,0.00017541692436857196,0.03473031777099169,208.02734632147553,6387723264,0,0.5,0.75,5.5,1.3333333333333333,nan
R0_raw_state,common_256,17,8,256,100.0,0.01,0.7999999999999999,0.7981177899210685,0.7982934553131598,0.7685589519650655,0.8669950738916257,0.8411764705882353,0.7295918367346939,12,0.0008955765413264814,0.0353151189868147,207.66326614266953,6387723264,0,0.5,0.6666666666666666,6.5,1.1666666666666667,nan
R0_raw_state,common_256,29,8,256,0.1,0.1,0.9,0.8101720130172012,0.8245594022700051,0.9241706161137441,0.7303370786516854,0.7154150197628458,0.9187817258883249,11,0.0007416690271048867,0.033624227706486993,205.81048477800132,6387723264,0,0.43478260869565216,0.8695652173913043,6.0,1.1666666666666667,1.0
R0_raw_state,common_256,41,8,256,1.0,1.0,0.9,0.7998490747080196,0.8161358415595703,0.9070796460176991,0.7509157509157509,0.6964285714285714,0.8813559322033898,11,0.0007385027272517398,0.03353342980651244,205.0831428423303,6387723264,0,0.08695652173913043,0.43478260869565216,11.0,1.0,1.0
R0_raw_state,common_256,53,8,256,10.0,1.0,0.95,0.7753515301902398,0.7764976958525345,0.7419354838709677,0.847926267281106,0.8225806451612904,0.7050691244239631,12,0.0007206853335697904,0.03566764909143482,209.84981611801186,6387723264,0,0.43478260869565216,0.6956521739130435,6.0,1.0,nan
R0_raw_state,common_256,67,8,256,0.1,0.1,0.9,0.8953553152855728,0.8955778520995912,0.8851674641148325,0.893719806763285,0.9051724137931034,0.8974358974358975,12,0.0006225603998979609,0.03473031777099169,208.02734632147553,6387723264,0,0.5,0.75,5.5,1.3333333333333333,nan
R1_action_chunk,native,17,112,112,0.1,0.01,0.95,0.823353066180935,0.8233638282899367,0.7903930131004366,0.8916256157635468,0.8705882352941177,0.7551020408163265,12,0.0011424575438324705,0.0353151189868147,207.66326614266953,6387723264,0,0.4,0.4,1.0,0.25,nan
R1_action_chunk,native,29,112,112,0.1,1.0,0.95,0.7922349297561522,0.8015931861822468,0.8766519823788547,0.7453183520599251,0.7130801687763713,0.8578680203045685,11,0.0007540051313561141,0.033624227706486993,205.81048477800132,6387723264,0,0.17391304347826086,0.34782608695652173,13.0,2.25,1.0
R1_action_chunk,native,41,112,112,0.1,0.01,0.95,0.7541045243764883,0.7665921648972496,0.853448275862069,0.7252747252747253,0.6559633027522935,0.807909604519774,11,0.0015641663636378868,0.03353342980651244,205.0831428423303,6387723264,0,0.10526315789473684,0.5263157894736842,7.0,0.8333333333333334,1.0
R1_action_chunk,native,53,112,112,0.1,0.01,0.95,0.8686070906918072,0.868663594470046,0.8539823008849557,0.8894009216589862,0.8846153846153846,0.847926267281106,12,0.0004465471849288623,0.03566764909143482,209.84981611801186,6387723264,0,0.1111111111111111,0.4444444444444444,9.5,0.5,nan
R1_action_chunk,native,67,112,112,0.1,0.01,0.95,0.8367137038713128,0.839186176142698,0.7947598253275109,0.8792270531400966,0.8820754716981132,0.7991452991452992,12,0.0006462185116335894,0.03473031777099169,208.02734632147553,6387723264,0,0.3157894736842105,0.42105263157894735,9.0,0.5833333333333334,nan
R1_action_chunk,common_256,17,112,256,0.1,0.01,0.95,0.823353066180935,0.8233638282899367,0.7903930131004366,0.8916256157635468,0.8705882352941177,0.7551020408163265,12,0.0006740125313068315,0.0353151189868147,207.66326614266953,6387723264,0,0.4,0.4,1.0,0.25,nan
R1_action_chunk,common_256,29,112,256,0.1,1.0,0.95,0.7922349297561522,0.8015931861822468,0.8766519823788547,0.7453183520599251,0.7130801687763713,0.8578680203045685,11,0.0006207487684741341,0.033624227706486993,205.81048477800132,6387723264,0,0.17391304347826086,0.34782608695652173,13.0,2.25,1.0
R1_action_chunk,common_256,41,112,256,0.1,0.01,0.95,0.7541045243764883,0.7665921648972496,0.853448275862069,0.7252747252747253,0.6559633027522935,0.807909604519774,11,0.000643856565653146,0.03353342980651244,205.0831428423303,6387723264,0,0.10526315789473684,0.5263157894736842,7.0,0.8333333333333334,1.0
R1_action_chunk,common_256,53,112,256,0.1,0.01,0.95,0.8686070906918072,0.868663594470046,0.8539823008849557,0.8894009216589862,0.8846153846153846,0.847926267281106,12,0.0006595343618387844,0.03566764909143482,209.84981611801186,6387723264,0,0.1111111111111111,0.4444444444444444,9.5,0.5,nan
R1_action_chunk,common_256,67,112,256,0.1,0.01,0.95,0.8367137038713128,0.839186176142698,0.7947598253275109,0.8792270531400966,0.8820754716981132,0.7991452991452992,12,0.0006680615337218401,0.03473031777099169,208.02734632147553,6387723264,0,0.3157894736842105,0.42105263157894735,9.0,0.5833333333333334,nan
R2_state_encoder,native,17,1536,1536,10.0,0.01,0.95,0.9874636319649107,0.987420830401126,0.9852941176470589,0.9901477832512315,0.9897435897435898,0.9846938775510204,12,0.0030820584461230226,0.0353151189868147,207.66326614266953,6387723264,0,0.18181818181818182,0.45454545454545453,10.5,0.9166666666666666,nan
R2_state_encoder,native,29,1536,1536,1.0,0.01,0.95,0.887678528201404,0.9012908990665222,0.9908675799086758,0.8127340823970037,0.7959183673469388,0.9898477157360406,11,0.0021039018883143197,0.033624227706486993,205.81048477800132,6387723264,0,0.08695652173913043,0.43478260869565216,12.0,1.25,1.0
R2_state_encoder,native,41,1536,1536,0.1,0.01,0.95,0.8690836861218676,0.8848326814428509,0.9613733905579399,0.8205128205128205,0.7741935483870968,0.9491525423728814,11,0.0020633184848603296,0.03353342980651244,205.0831428423303,6387723264,0,0.17391304347826086,0.43478260869565216,11.0,1.0833333333333333,1.0
R2_state_encoder,native,53,1536,1536,100.0,0.01,0.95,0.9608126410835214,0.9608294930875576,0.9807692307692307,0.9400921658986175,0.9424778761061947,0.9815668202764977,12,0.002132069424963585,0.03566764909143482,209.84981611801186,6387723264,0,0.08695652173913043,0.2608695652173913,12.0,1.0,nan
R2_state_encoder,native,67,1536,1536,100.0,0.01,0.95,0.9750052813000758,0.9759383128948347,0.9579439252336449,0.9903381642512077,0.9911894273127754,0.9615384615384616,12,0.002095554524828259,0.03473031777099169,208.02734632147553,6387723264,0,0.0,0.2608695652173913,13.0,1.25,nan
R2_state_encoder,common_256,17,1536,256,10.0,0.01,0.95,0.9874636319649107,0.987420830401126,0.9852941176470589,0.9901477832512315,0.9897435897435898,0.9846938775510204,12,0.0006607042606380963,0.0353151189868147,207.66326614266953,6387723264,0,0.18181818181818182,0.45454545454545453,10.5,0.9166666666666666,nan
R2_state_encoder,common_256,29,1536,256,1.0,0.01,0.95,0.887678528201404,0.9012908990665222,0.9908675799086758,0.8127340823970037,0.7959183673469388,0.9898477157360406,11,0.0006267536945951625,0.033624227706486993,205.81048477800132,6387723264,0,0.08695652173913043,0.43478260869565216,12.0,1.25,1.0
R2_state_encoder,common_256,41,1536,256,0.1,0.01,0.95,0.8714124577014664,0.887657540199913,0.9655172413793104,0.8205128205128205,0.7752293577981652,0.9548022598870056,11,0.0007883471717106677,0.03353342980651244,205.0831428423303,6387723264,0,0.17391304347826086,0.43478260869565216,11.0,1.0833333333333333,1.0
R2_state_encoder,common_256,53,1536,256,100.0,0.01,0.95,0.9608126410835214,0.9608294930875576,0.9807692307692307,0.9400921658986175,0.9424778761061947,0.9815668202764977,12,0.0006454142456660663,0.03566764909143482,209.84981611801186,6387723264,0,0.08695652173913043,0.2608695652173913,12.0,1.0,nan
R2_state_encoder,common_256,67,1536,256,100.0,0.01,0.95,0.9750052813000758,0.9759383128948347,0.9579439252336449,0.9903381642512077,0.9911894273127754,0.9615384615384616,12,0.0006294644403148141,0.03473031777099169,208.02734632147553,6387723264,0,0.0,0.2608695652173913,13.0,1.25,nan
R3_vlm_hidden,native,17,2048,2048,1.0,0.01,0.95,0.9899718508092892,0.9899718508092892,0.9901477832512315,0.9901477832512315,0.9897959183673469,0.9897959183673469,12,0.003745288521300941,0.0353151189868147,207.66326614266953,6387723264,0,0.25,0.75,9.5,1.0,nan
R3_vlm_hidden,native,29,2048,2048,1.0,0.01,0.95,0.9024622671917262,0.9124032776288522,0.978448275862069,0.850187265917603,0.8275862068965517,0.9746192893401016,11,0.0032262466132886637,0.033624227706486993,205.81048477800132,6387723264,0,0.09090909090909091,0.36363636363636365,14.0,1.0833333333333333,0.0
R3_vlm_hidden,native,41,2048,2048,0.1,0.1,0.95,0.8963943222086528,0.9147575588253555,0.9956331877729258,0.8351648351648352,0.7963800904977375,0.9943502824858758,11,0.003425646767652205,0.03353342980651244,205.0831428423303,6387723264,0,0.0,0.08695652173913043,18.0,1.3333333333333333,1.0
R3_vlm_hidden,native,53,2048,2048,100.0,0.01,0.7,0.9792616818956501,0.9792626728110598,0.9727272727272728,0.9861751152073732,0.985981308411215,0.9723502304147466,12,0.003540174814699293,0.03566764909143482,209.84981611801186,6387723264,0,0.0,0.0,20.5,1.0833333333333333,nan
R3_vlm_hidden,native,67,2048,2048,100.0,0.01,0.95,0.9954502310993727,0.9957264957264957,0.9904306220095693,1.0,1.0,0.9914529914529915,12,0.0031415326737009473,0.03473031777099169,208.02734632147553,6387723264,0,0.2608695652173913,0.5217391304347826,9.0,1.1666666666666667,nan
R3_vlm_hidden,common_256,17,2048,256,1.0,0.01,0.95,0.9924795024031665,0.9925228712174525,0.995049504950495,0.9901477832512315,0.9898477157360406,0.9948979591836735,12,0.0006262762907314474,0.0353151189868147,207.66326614266953,6387723264,0,0.08333333333333333,0.5,10.5,1.1666666666666667,nan
R3_vlm_hidden,common_256,29,2048,256,1.0,0.01,0.95,0.8959932754272906,0.9061198882108025,0.974025974025974,0.8426966292134831,0.8197424892703863,0.9695431472081218,11,0.0006125996510502151,0.033624227706486993,205.81048477800132,6387723264,0,0.18181818181818182,0.45454545454545453,14.0,1.0833333333333333,0.0
R3_vlm_hidden,common_256,41,2048,256,0.1,0.01,0.95,0.8962842712842713,0.9137642018997951,0.9913419913419913,0.8388278388278388,0.7990867579908676,0.9887005649717514,11,0.0006301935353794669,0.03353342980651244,205.0831428423303,6387723264,0,0.0,0.34782608695652173,13.0,1.1666666666666667,1.0
R3_vlm_hidden,common_256,53,2048,256,100.0,0.01,0.75,0.9769580360176691,0.9769585253456221,0.9726027397260274,0.9815668202764977,0.9813953488372092,0.9723502304147466,12,0.0006449125425761212,0.03566764909143482,209.84981611801186,6387723264,0,0.0,0.0,20.0,1.0833333333333333,nan
R3_vlm_hidden,common_256,67,2048,256,100.0,0.01,0.85,0.9954502310993727,0.9957264957264957,0.9904306220095693,1.0,1.0,0.9914529914529915,12,0.000654690063919116,0.03473031777099169,208.02734632147553,6387723264,0,0.0,0.16666666666666666,17.5,1.6666666666666667,nan
R3b_vision_tokens,native,17,2048,2048,0.1,0.01,0.95,0.9899718508092892,0.9899718508092892,0.9901477832512315,0.9901477832512315,0.9897959183673469,0.9897959183673469,12,0.004176027067657735,0.0353151189868147,207.66326614266953,6387723264,0,0.25,0.75,9.5,1.0,nan
R3b_vision_tokens,native,29,2048,2048,1.0,0.01,0.95,0.9003268889511534,0.9105306184528223,0.9783549783549783,0.846441947565543,0.8240343347639485,0.9746192893401016,11,0.003223959256981747,0.033624227706486993,205.81048477800132,6387723264,0,0.18181818181818182,0.45454545454545453,14.0,1.0,0.0
R3b_vision_tokens,native,41,2048,2048,10.0,0.01,0.95,0.8896942956192877,0.9082696964052897,0.9912280701754386,0.8278388278388278,0.7882882882882883,0.9887005649717514,11,0.00319229787875902,0.03353342980651244,205.0831428423303,6387723264,0,0.08695652173913043,0.34782608695652173,13.0,1.25,1.0
R3b_vision_tokens,native,53,2048,2048,0.01,0.01,0.7,0.9838708821109077,0.9838709677419355,0.981651376146789,0.9861751152073732,0.9861111111111112,0.9815668202764977,12,0.0031823839911924146,0.03566764909143482,209.84981611801186,6387723264,0,0.0,0.0,20.5,1.1666666666666667,nan
R3b_vision_tokens,native,67,2048,2048,100.0,0.01,0.95,0.9931770712462289,0.9935897435897436,0.9857142857142858,1.0,1.0,0.9871794871794872,12,0.0032076133786875746,0.03473031777099169,208.02734632147553,6387723264,0,0.25,0.5,10.0,1.3333333333333333,nan
R3b_vision_tokens,common_256,17,2048,256,0.1,0.1,0.75,0.9899718508092892,0.9899718508092892,0.9901477832512315,0.9901477832512315,0.9897959183673469,0.9897959183673469,12,0.0006899323308520033,0.0353151189868147,207.66326614266953,6387723264,0,0.0,0.4166666666666667,11.5,1.1666666666666667,nan
R3b_vision_tokens,common_256,29,2048,256,1.0,0.01,0.95,0.8981919358377644,0.9086579592767923,0.9782608695652174,0.8426966292134831,0.8205128205128205,0.9746192893401016,11,0.0006258726395705673,0.033624227706486993,205.81048477800132,6387723264,0,0.18181818181818182,0.45454545454545453,14.0,1.1666666666666667,0.0
R3b_vision_tokens,common_256,41,2048,256,1.0,0.01,0.65,0.8850724369150338,0.9026199788911653,0.9826086956521739,0.8278388278388278,0.7863636363636364,0.9774011299435028,11,0.0006320986868660031,0.03353342980651244,205.0831428423303,6387723264,0,0.0,0.0,21.0,1.4166666666666667,1.0
R3b_vision_tokens,common_256,53,2048,256,0.01,0.01,0.75,0.9815664288141353,0.9815668202764977,0.9771689497716894,0.9861751152073732,0.986046511627907,0.9769585253456221,12,0.0006377127829783776,0.03566764909143482,209.84981611801186,6387723264,0,0.0,0.0,20.0,1.0833333333333333,nan
R3b_vision_tokens,common_256,67,2048,256,0.01,0.01,0.9,0.9954477889260498,0.9954477889260498,0.9951690821256038,0.9951690821256038,0.9957264957264957,0.9957264957264957,12,0.0006546077097457028,0.03473031777099169,208.02734632147553,6387723264,0,0.08333333333333333,0.25,16.5,1.6666666666666667,nan
R4_action_encoder,native,17,1536,1536,10.0,0.01,0.95,0.8871726876841967,0.8871393384940183,0.8872549019607843,0.8916256157635468,0.8871794871794871,0.8826530612244898,12,0.0067632835087803175,0.0353151189868147,207.66326614266953,6387723264,0,0.2857142857142857,0.7619047619047619,7.0,1.0,nan
R4_action_encoder,native,29,1536,1536,10.0,0.01,0.95,0.794983419144493,0.808123728587996,0.9018691588785047,0.7228464419475655,0.704,0.8934010152284264,11,0.0020484457101760984,0.033624227706486993,205.81048477800132,6387723264,0,0.43478260869565216,0.6956521739130435,6.0,1.6666666666666667,1.0
R4_action_encoder,native,41,1536,1536,10.0,0.01,0.9,0.7933966783775153,0.8106413360650648,0.905829596412556,0.73992673992674,0.6872246696035242,0.8813559322033898,11,0.003341099090903299,0.03353342980651244,205.0831428423303,6387723264,0,0.08695652173913043,0.2608695652173913,16.0,1.75,1.0
R4_action_encoder,native,53,1536,1536,10.0,0.01,0.95,0.8824129412702207,0.8824884792626728,0.8640350877192983,0.9078341013824884,0.9029126213592233,0.8571428571428571,12,0.0021653258865921257,0.03566764909143482,209.84981611801186,6387723264,0,0.45454545454545453,0.7272727272727273,5.0,1.0833333333333333,nan
R4_action_encoder,native,67,1536,1536,1.0,0.01,0.95,0.8616324704115381,0.8638052768487552,0.8230088495575221,0.8985507246376812,0.9023255813953488,0.8290598290598291,12,0.0021182806637408697,0.03473031777099169,208.02734632147553,6387723264,0,0.5833333333333334,0.8333333333333334,3.5,1.1666666666666667,nan
R4_action_encoder,common_256,17,1536,256,1.0,0.01,0.95,0.8817777777777778,0.8814215341308937,0.8545454545454545,0.9261083743842364,0.9162011173184358,0.8367346938775511,12,0.0006670484210536372,0.0353151189868147,207.66326614266953,6387723264,0,0.2857142857142857,0.7619047619047619,7.0,1.0,nan
R4_action_encoder,common_256,29,1536,256,10.0,0.01,0.95,0.7928571428571429,0.806251069411966,0.9014084507042254,0.7191011235955056,0.701195219123506,0.8934010152284264,11,0.000639433805416746,0.033624227706486993,205.81048477800132,6387723264,0,0.43478260869565216,0.6956521739130435,6.0,1.6666666666666667,1.0
R4_action_encoder,common_256,41,1536,256,10.0,0.01,0.9,0.7887070670742672,0.8049916185509406,0.8977777777777778,0.73992673992674,0.6844444444444444,0.8700564971751412,11,0.0006879141414394711,0.03353342980651244,205.0831428423303,6387723264,0,0.08695652173913043,0.2608695652173913,16.0,1.75,1.0
R4_action_encoder,common_256,53,1536,256,10.0,0.01,0.95,0.8754808407540433,0.8755760368663594,0.8558951965065502,0.9032258064516129,0.8975609756097561,0.847926267281106,12,0.0009878491284195973,0.03566764909143482,209.84981611801186,6387723264,0,0.45454545454545453,0.7272727272727273,5.0,1.0833333333333333,nan
R4_action_encoder,common_256,67,1536,256,10.0,0.01,0.95,0.8592881551319528,0.8608324043106652,0.8280542986425339,0.8840579710144928,0.8909090909090909,0.8376068376068376,12,0.0006330200989303344,0.03473031777099169,208.02734632147553,6387723264,0,0.5833333333333334,0.8333333333333334,3.5,1.1666666666666667,nan
R5_final_dit_hidden,native,17,1024,1024,0.1,0.1,0.95,0.98746741213054,0.9875967628430683,0.995,0.9802955665024631,0.9798994974874372,0.9948979591836735,12,0.00350090355889444,0.0353151189868147,207.66326614266953,6387723264,0,0.25,0.5,10.5,1.0,nan
R5_final_dit_hidden,native,29,1024,1024,1.0,0.01,0.95,0.8897127703700942,0.9018327344626325,0.9821428571428571,0.8239700374531835,0.8041666666666667,0.9796954314720813,11,0.002738406814462462,0.033624227706486993,205.81048477800132,6387723264,0,0.08695652173913043,0.34782608695652173,13.0,1.25,1.0
R5_final_dit_hidden,native,41,1024,1024,1.0,0.01,0.95,0.8546764377096013,0.8789656671012603,0.9905660377358491,0.7692307692307693,0.7352941176470589,0.9887005649717514,11,0.005443962525238719,0.03353342980651244,205.0831428423303,6387723264,0,0.0,0.34782608695652173,13.0,1.3333333333333333,1.0
R5_final_dit_hidden,native,53,1024,1024,1.0,0.01,0.95,0.979262562714024,0.9792626728110598,0.9770642201834863,0.9815668202764977,0.9814814814814815,0.9769585253456221,12,0.0015635809457084139,0.03566764909143482,209.84981611801186,6387723264,0,0.16666666666666666,0.4166666666666667,12.0,1.25,nan
R5_final_dit_hidden,native,67,1024,1024,0.1,0.1,0.75,0.9863574492657977,0.9869007803790413,0.976303317535545,0.9951690821256038,0.9956521739130435,0.9786324786324786,12,0.0016134596990107703,0.03473031777099169,208.02734632147553,6387723264,0,0.0,0.16666666666666666,16.5,1.4166666666666667,nan
R5_final_dit_hidden,common_256,17,1024,256,0.1,0.1,0.95,0.98746741213054,0.9875967628430683,0.995,0.9802955665024631,0.9798994974874372,0.9948979591836735,12,0.0006572140351034564,0.0353151189868147,207.66326614266953,6387723264,0,0.08333333333333333,0.4166666666666667,11.5,1.0,nan
R5_final_dit_hidden,common_256,29,1024,256,1.0,0.01,0.95,0.885387780972843,0.8974220042206126,0.9776785714285714,0.8202247191011236,0.8,0.9746192893401016,11,0.0007574775246306916,0.033624227706486993,205.81048477800132,6387723264,0,0.08695652173913043,0.34782608695652173,13.0,1.25,1.0
R5_final_dit_hidden,common_256,41,1024,256,10.0,0.01,0.95,0.8457334492609614,0.8696529459241323,0.9811320754716981,0.7619047619047619,0.726890756302521,0.9774011299435028,11,0.0006265574747334485,0.03353342980651244,205.0831428423303,6387723264,0,0.0,0.34782608695652173,13.0,1.3333333333333333,1.0
R5_final_dit_hidden,common_256,53,1024,256,100.0,0.01,0.95,0.97004465162705,0.9700460829493087,0.9766355140186916,0.9631336405529954,0.9636363636363636,0.9769585253456221,12,0.0006489227609728848,0.03566764909143482,209.84981611801186,6387723264,0,0.16666666666666666,0.4166666666666667,12.0,1.25,nan
R5_final_dit_hidden,common_256,67,1024,256,0.1,0.1,0.85,0.9863574492657977,0.9869007803790413,0.976303317535545,0.9951690821256038,0.9956521739130435,0.9786324786324786,12,0.000607293135448383,0.03473031777099169,208.02734632147553,6387723264,0,0.0,0.34782608695652173,15.0,1.25,nan
R6_vlm_dit_concat,native,17,3072,3072,0.01,0.01,0.95,0.9924795024031665,0.9925228712174525,0.995049504950495,0.9901477832512315,0.9898477157360406,0.9948979591836735,12,0.005115113383459416,0.0353151189868147,207.66326614266953,6387723264,0,0.0,0.3333333333333333,12.5,1.0,nan
R6_vlm_dit_concat,native,29,3072,3072,0.01,0.1,0.95,0.8896551724137931,0.9011673225726725,0.9778761061946902,0.8277153558052435,0.8067226890756303,0.9746192893401016,11,0.009223898809531821,0.033624227706486993,205.81048477800132,6387723264,0,0.08695652173913043,0.08695652173913043,15.0,1.25,1.0
R6_vlm_dit_concat,native,41,3072,3072,10.0,0.01,0.95,0.8808089995452251,0.899950332153722,0.9867256637168141,0.8168498168498168,0.7767857142857143,0.9830508474576272,11,0.004419715959593672,0.03353342980651244,205.0831428423303,6387723264,0,0.0,0.17391304347826086,18.0,1.3333333333333333,1.0
R6_vlm_dit_concat,native,53,3072,3072,0.01,0.01,0.7,0.9884792015077912,0.988479262672811,0.9862385321100917,0.9907834101382489,0.9907407407407407,0.9861751152073732,12,0.0043554586255372995,0.03566764909143482,209.84981611801186,6387723264,0,0.0,0.08333333333333333,19.5,1.6666666666666667,nan
R6_vlm_dit_concat,native,67,3072,3072,0.01,0.01,0.7999999999999999,0.9909049661771985,0.9914529914529915,0.981042654028436,1.0,1.0,0.9829059829059829,12,0.0053643680684157735,0.03473031777099169,208.02734632147553,6387723264,0,0.0,0.25,17.0,1.5833333333333333,nan
R6_vlm_dit_concat,common_256,17,3072,256,0.01,0.01,0.95,0.9899718508092892,0.9899718508092892,0.9901477832512315,0.9901477832512315,0.9897959183673469,0.9897959183673469,12,0.0007248612531301225,0.0353151189868147,207.66326614266953,6387723264,0,0.08333333333333333,0.16666666666666666,14.5,1.0,nan
R6_vlm_dit_concat,common_256,29,3072,256,10.0,0.1,0.95,0.8896551724137931,0.9011673225726725,0.9778761061946902,0.8277153558052435,0.8067226890756303,0.9746192893401016,11,0.0006759831691201629,0.033624227706486993,205.81048477800132,6387723264,0,0.08695652173913043,0.08695652173913043,15.0,1.25,1.0
R6_vlm_dit_concat,common_256,41,3072,256,10.0,0.01,0.95,0.883,0.9017818339852238,0.986784140969163,0.8205128205128205,0.7802690582959642,0.9830508474576272,11,0.0006233393939666454,0.03353342980651244,205.0831428423303,6387723264,0,0.0,0.17391304347826086,16.0,1.25,1.0
R6_vlm_dit_concat,common_256,53,3072,256,0.01,0.01,0.6,0.9884792015077912,0.988479262672811,0.9862385321100917,0.9907834101382489,0.9907407407407407,0.9861751152073732,12,0.0006721731115919581,0.03566764909143482,209.84981611801186,6387723264,0,0.0,0.0,20.5,1.3333333333333333,nan
R6_vlm_dit_concat,common_256,67,3072,256,0.01,0.1,0.9,0.9909049661771985,0.9914529914529915,0.981042654028436,1.0,1.0,0.9829059829059829,12,0.0006501600701072284,0.03473031777099169,208.02734632147553,6387723264,0,0.08333333333333333,0.3333333333333333,15.5,1.6666666666666667,nan
